id,time,value
1,2026:01:13 20:50:31,292.1
2,2026:01:13 20:50:31,452.8
3,2026:01:13 20:50:31,71.6
1,2026:01:13 20:51:31,444.8
2,2026:01:13 20:51:31,283.0
3,2026:01:13 20:51:31,467.4
1,2026:01:13 20:52:31,418.5
2,2026:01:13 20:52:31,397.0
3,2026:01:13 20:52:31,409.5
1,2026:01:13 20:53:31,175.6
2,2026:01:13 20:53:31,268.0
3,2026:01:13 20:53:31,88.6
1,2026:01:13 20:54:31,100.2
2,2026:01:13 20:54:31,491.1
3,2026:01:13 20:54:31,205.2
1,2026:01:13 20:55:31,111.4
2,2026:01:13 20:55:31,428.4
3,2026:01:13 20:55:31,26.6
1,2026:01:13 20:56:31,139.2
2,2026:01:13 20:56:31,340.4
3,2026:01:13 20:56:31,20.7
1,2026:01:13 20:57:31,1.3
2,2026:01:13 20:57:31,360.7
3,2026:01:13 20:57:31,144.2
1,2026:01:13 20:58:31,428.1
2,2026:01:13 20:58:31,261.0
3,2026:01:13 20:58:31,421.5
1,2026:01:13 20:59:31,245.5
2,2026:01:13 20:59:31,315.5
3,2026:01:13 20:59:31,287.8
1,2026:01:13 21:00:31,199.9
2,2026:01:13 21:00:31,444.5
3,2026:01:13 21:00:31,341.4
1,2026:01:13 21:01:31,184.6
2,2026:01:13 21:01:31,394.2
3,2026:01:13 21:01:31,152.7
1,2026:01:13 21:02:31,39.7
2,2026:01:13 21:02:31,397.3
3,2026:01:13 21:02:31,345.4
1,2026:01:13 21:03:31,462.1
2,2026:01:13 21:03:31,63.1
3,2026:01:13 21:03:31,265.3
1,2026:01:13 21:04:31,153.0
2,2026:01:13 21:04:31,295.0
3,2026:01:13 21:04:31,219.5
1,2026:01:13 21:05:31,226.8
2,2026:01:13 21:05:31,333.1
3,2026:01:13 21:05:31,356.9
1,2026:01:13 21:06:31,329.8
2,2026:01:13 21:06:31,376.9
3,2026:01:13 21:06:31,199.3
1,2026:01:13 21:07:31,342.9
2,2026:01:13 21:07:31,318.3
3,2026:01:13 21:07:31,87.9
1,2026:01:13 21:08:31,33.6
2,2026:01:13 21:08:31,385.8
3,2026:01:13 21:08:31,41.0
1,2026:01:13 21:09:31,68.9
2,2026:01:13 21:09:31,140.9
3,2026:01:13 21:09:31,473.5
1,2026:01:13 21:10:31,349.3
2,2026:01:13 21:10:31,288.6
3,2026:01:13 21:10:31,398.7
1,2026:01:13 21:11:31,271.0
2,2026:01:13 21:11:31,11.8
3,2026:01:13 21:11:31,22.4
1,2026:01:13 21:12:31,162.5
2,2026:01:13 21:12:31,242.8
3,2026:01:13 21:12:31,107.9
1,2026:01:13 21:13:31,17.5
2,2026:01:13 21:13:31,434.1
3,2026:01:13 21:13:31,236.5
1,2026:01:13 21:14:31,282.6
2,2026:01:13 21:14:31,22.8
3,2026:01:13 21:14:31,429.3
1,2026:01:13 21:15:31,304.8
2,2026:01:13 21:15:31,496.1
3,2026:01:13 21:15:31,297.8
1,2026:01:13 21:16:31,211.8
2,2026:01:13 21:16:31,142.2
3,2026:01:13 21:16:31,21.3
1,2026:01:13 21:17:31,288.7
2,2026:01:13 21:17:31,270.3
3,2026:01:13 21:17:31,48.9
1,2026:01:13 21:18:31,288.5
2,2026:01:13 21:18:31,137.2
3,2026:01:13 21:18:31,429.5
1,2026:01:13 21:19:31,116.3
2,2026:01:13 21:19:31,205.8
3,2026:01:13 21:19:31,49.7
1,2026:01:13 21:20:31,453.6
2,2026:01:13 21:20:31,254.8
3,2026:01:13 21:20:31,338.4
1,2026:01:13 21:21:31,247.7
2,2026:01:13 21:21:31,304.6
3,2026:01:13 21:21:31,8.1
1,2026:01:13 21:22:31,354.4
2,2026:01:13 21:22:31,301.2
3,2026:01:13 21:22:31,243.5
1,2026:01:13 21:23:31,40.1
2,2026:01:13 21:23:31,386.0
3,2026:01:13 21:23:31,121.8
1,2026:01:13 21:24:31,399.7
2,2026:01:13 21:24:31,9.7
3,2026:01:13 21:24:31,18.6
1,2026:01:13 21:25:31,31.8
2,2026:01:13 21:25:31,333.9
3,2026:01:13 21:25:31,396.2
1,2026:01:13 21:26:31,244.4
2,2026:01:13 21:26:31,17.9
3,2026:01:13 21:26:31,219.6
1,2026:01:13 21:27:31,258.5
2,2026:01:13 21:27:31,448.7
3,2026:01:13 21:27:31,137.1
1,2026:01:13 21:28:31,54.4
2,2026:01:13 21:28:31,232.8
3,2026:01:13 21:28:31,320.3
1,2026:01:13 21:29:31,78.9
2,2026:01:13 21:29:31,248.3
3,2026:01:13 21:29:31,447.6
1,2026:01:13 21:30:31,75.4
2,2026:01:13 21:30:31,19.3
3,2026:01:13 21:30:31,177.5
1,2026:01:13 21:31:31,286.3
2,2026:01:13 21:31:31,65.3
3,2026:01:13 21:31:31,29.7
1,2026:01:13 21:32:31,365.6
2,2026:01:13 21:32:31,131.0
3,2026:01:13 21:32:31,262.7
1,2026:01:13 21:33:31,97.0
2,2026:01:13 21:33:31,282.2
3,2026:01:13 21:33:31,98.9
1,2026:01:13 21:34:31,199.5
2,2026:01:13 21:34:31,329.1
3,2026:01:13 21:34:31,257.5
1,2026:01:13 21:35:31,216.1
2,2026:01:13 21:35:31,286.9
3,2026:01:13 21:35:31,394.2
1,2026:01:13 21:36:31,488.4
2,2026:01:13 21:36:31,407.8
3,2026:01:13 21:36:31,268.4
1,2026:01:13 21:37:31,356.4
2,2026:01:13 21:37:31,150.9
3,2026:01:13 21:37:31,365.0
1,2026:01:13 21:38:31,69.4
2,2026:01:13 21:38:31,422.2
3,2026:01:13 21:38:31,192.6
1,2026:01:13 21:39:31,59.4
2,2026:01:13 21:39:31,399.1
3,2026:01:13 21:39:31,444.9
1,2026:01:13 21:40:31,159.6
2,2026:01:13 21:40:31,190.1
3,2026:01:13 21:40:31,475.4
1,2026:01:13 21:41:31,88.2
2,2026:01:13 21:41:31,407.5
3,2026:01:13 21:41:31,494.2
1,2026:01:13 21:42:31,16.2
2,2026:01:13 21:42:31,378.6
3,2026:01:13 21:42:31,445.8
1,2026:01:13 21:43:31,313.3
2,2026:01:13 21:43:31,35.2
3,2026:01:13 21:43:31,173.1
1,2026:01:13 21:44:31,254.6
2,2026:01:13 21:44:31,310.3
3,2026:01:13 21:44:31,247.8
1,2026:01:13 21:45:31,84.4
2,2026:01:13 21:45:31,385.0
3,2026:01:13 21:45:31,488.5
1,2026:01:13 21:46:31,338.7
2,2026:01:13 21:46:31,121.8
3,2026:01:13 21:46:31,15.0
1,2026:01:13 21:47:31,130.7
2,2026:01:13 21:47:31,406.4
3,2026:01:13 21:47:31,278.4
1,2026:01:13 21:48:31,216.1
2,2026:01:13 21:48:31,373.0
3,2026:01:13 21:48:31,353.1
1,2026:01:13 21:49:31,447.1
2,2026:01:13 21:49:31,496.1
3,2026:01:13 21:49:31,369.6
1,2026:01:13 21:50:31,160.9
2,2026:01:13 21:50:31,423.3
3,2026:01:13 21:50:31,79.4
1,2026:01:13 21:51:31,468.6
2,2026:01:13 21:51:31,136.2
3,2026:01:13 21:51:31,277.1
1,2026:01:13 21:52:31,347.0
2,2026:01:13 21:52:31,141.8
3,2026:01:13 21:52:31,274.3
1,2026:01:13 21:53:31,87.4
2,2026:01:13 21:53:31,155.5
3,2026:01:13 21:53:31,373.4
1,2026:01:13 21:54:31,35.9
2,2026:01:13 21:54:31,256.7
3,2026:01:13 21:54:31,190.9
1,2026:01:13 21:55:31,72.1
2,2026:01:13 21:55:31,103.5
3,2026:01:13 21:55:31,488.5
1,2026:01:13 21:56:31,129.4
2,2026:01:13 21:56:31,50.9
3,2026:01:13 21:56:31,214.2
1,2026:01:13 21:57:31,244.2
2,2026:01:13 21:57:31,421.1
3,2026:01:13 21:57:31,246.4
1,2026:01:13 21:58:31,486.5
2,2026:01:13 21:58:31,458.1
3,2026:01:13 21:58:31,95.3
1,2026:01:13 21:59:31,7.9
2,2026:01:13 21:59:31,335.0
3,2026:01:13 21:59:31,139.9
1,2026:01:13 22:00:31,214.4
2,2026:01:13 22:00:31,117.6
3,2026:01:13 22:00:31,392.3
1,2026:01:13 22:01:31,474.1
2,2026:01:13 22:01:31,286.2
3,2026:01:13 22:01:31,159.9
1,2026:01:13 22:02:31,300.1
2,2026:01:13 22:02:31,124.5
3,2026:01:13 22:02:31,253.5
1,2026:01:13 22:03:31,498.7
2,2026:01:13 22:03:31,19.8
3,2026:01:13 22:03:31,381.4
1,2026:01:13 22:04:31,244.4
2,2026:01:13 22:04:31,274.5
3,2026:01:13 22:04:31,364.0
1,2026:01:13 22:05:31,369.3
2,2026:01:13 22:05:31,6.5
3,2026:01:13 22:05:31,65.0
1,2026:01:13 22:06:31,213.1
2,2026:01:13 22:06:31,467.8
3,2026:01:13 22:06:31,307.6
1,2026:01:13 22:07:31,379.3
2,2026:01:13 22:07:31,134.9
3,2026:01:13 22:07:31,308.7
1,2026:01:13 22:08:31,214.6
2,2026:01:13 22:08:31,166.3
3,2026:01:13 22:08:31,94.3
1,2026:01:13 22:09:31,341.9
2,2026:01:13 22:09:31,438.0
3,2026:01:13 22:09:31,24.2
1,2026:01:13 22:10:31,178.2
2,2026:01:13 22:10:31,339.0
3,2026:01:13 22:10:31,374.7
1,2026:01:13 22:11:31,487.5
2,2026:01:13 22:11:31,253.2
3,2026:01:13 22:11:31,436.4
1,2026:01:13 22:12:31,304.7
2,2026:01:13 22:12:31,62.4
3,2026:01:13 22:12:31,275.3
1,2026:01:13 22:13:31,79.1
2,2026:01:13 22:13:31,215.8
3,2026:01:13 22:13:31,171.4
1,2026:01:13 22:14:31,359.7
2,2026:01:13 22:14:31,258.5
3,2026:01:13 22:14:31,208.3
1,2026:01:13 22:15:31,178.3
2,2026:01:13 22:15:31,407.4
3,2026:01:13 22:15:31,443.0
1,2026:01:13 22:16:31,340.5
2,2026:01:13 22:16:31,83.4
3,2026:01:13 22:16:31,227.0
1,2026:01:13 22:17:31,497.3
2,2026:01:13 22:17:31,98.6
3,2026:01:13 22:17:31,264.1
1,2026:01:13 22:18:31,387.9
2,2026:01:13 22:18:31,272.9
3,2026:01:13 22:18:31,288.4
1,2026:01:13 22:19:31,361.5
2,2026:01:13 22:19:31,81.8
3,2026:01:13 22:19:31,32.3
1,2026:01:13 22:20:31,309.8
2,2026:01:13 22:20:31,213.9
3,2026:01:13 22:20:31,442.1
1,2026:01:13 22:21:31,346.7
2,2026:01:13 22:21:31,335.4
3,2026:01:13 22:21:31,53.8
1,2026:01:13 22:22:31,0.3
2,2026:01:13 22:22:31,305.5
3,2026:01:13 22:22:31,129.4
1,2026:01:13 22:23:31,288.9
2,2026:01:13 22:23:31,328.0
3,2026:01:13 22:23:31,384.2
1,2026:01:13 22:24:31,100.4
2,2026:01:13 22:24:31,218.9
3,2026:01:13 22:24:31,275.0
1,2026:01:13 22:25:31,95.2
2,2026:01:13 22:25:31,459.4
3,2026:01:13 22:25:31,167.8
1,2026:01:13 22:26:31,66.3
2,2026:01:13 22:26:31,427.3
3,2026:01:13 22:26:31,270.6
1,2026:01:13 22:27:31,97.7
2,2026:01:13 22:27:31,338.8
3,2026:01:13 22:27:31,262.1
1,2026:01:13 22:28:31,258.6
2,2026:01:13 22:28:31,24.5
3,2026:01:13 22:28:31,272.5
1,2026:01:13 22:29:31,335.1
2,2026:01:13 22:29:31,312.8
3,2026:01:13 22:29:31,363.2
1,2026:01:13 22:30:31,281.8
2,2026:01:13 22:30:31,457.3
3,2026:01:13 22:30:31,192.4
1,2026:01:13 22:31:31,121.1
2,2026:01:13 22:31:31,90.5
3,2026:01:13 22:31:31,206.2
1,2026:01:13 22:32:31,9.4
2,2026:01:13 22:32:31,289.9
3,2026:01:13 22:32:31,94.5
1,2026:01:13 22:33:31,125.3
2,2026:01:13 22:33:31,116.9
3,2026:01:13 22:33:31,204.2
1,2026:01:13 22:34:31,236.7
2,2026:01:13 22:34:31,470.2
3,2026:01:13 22:34:31,435.2
1,2026:01:13 22:35:31,314.1
2,2026:01:13 22:35:31,343.1
3,2026:01:13 22:35:31,147.8
1,2026:01:13 22:36:31,325.7
2,2026:01:13 22:36:31,417.5
3,2026:01:13 22:36:31,422.1
1,2026:01:13 22:37:31,235.9
2,2026:01:13 22:37:31,44.7
3,2026:01:13 22:37:31,468.7
1,2026:01:13 22:38:31,169.2
2,2026:01:13 22:38:31,442.0
3,2026:01:13 22:38:31,129.2
1,2026:01:13 22:39:31,294.1
2,2026:01:13 22:39:31,99.9
3,2026:01:13 22:39:31,434.6
1,2026:01:13 22:40:31,289.4
2,2026:01:13 22:40:31,432.2
3,2026:01:13 22:40:31,123.8
1,2026:01:13 22:41:31,147.2
2,2026:01:13 22:41:31,313.7
3,2026:01:13 22:41:31,434.4
1,2026:01:13 22:42:31,429.9
2,2026:01:13 22:42:31,201.7
3,2026:01:13 22:42:31,417.4
1,2026:01:13 22:43:31,336.8
2,2026:01:13 22:43:31,316.6
3,2026:01:13 22:43:31,265.5
1,2026:01:13 22:44:31,424.3
2,2026:01:13 22:44:31,94.7
3,2026:01:13 22:44:31,68.6
1,2026:01:13 22:45:31,61.8
2,2026:01:13 22:45:31,195.4
3,2026:01:13 22:45:31,413.1
1,2026:01:13 22:46:31,122.5
2,2026:01:13 22:46:31,497.7
3,2026:01:13 22:46:31,158.2
1,2026:01:13 22:47:31,130.7
2,2026:01:13 22:47:31,122.1
3,2026:01:13 22:47:31,246.4
1,2026:01:13 22:48:31,402.8
2,2026:01:13 22:48:31,286.8
3,2026:01:13 22:48:31,435.9
1,2026:01:13 22:49:31,149.8
2,2026:01:13 22:49:31,298.3
3,2026:01:13 22:49:31,181.7
1,2026:01:13 22:50:31,362.9
2,2026:01:13 22:50:31,251.3
3,2026:01:13 22:50:31,51.0
1,2026:01:13 22:51:31,389.3
2,2026:01:13 22:51:31,134.3
3,2026:01:13 22:51:31,234.9
1,2026:01:13 22:52:31,94.5
2,2026:01:13 22:52:31,264.4
3,2026:01:13 22:52:31,448.3
1,2026:01:13 22:53:31,80.9
2,2026:01:13 22:53:31,304.2
3,2026:01:13 22:53:31,64.7
1,2026:01:13 22:54:31,97.8
2,2026:01:13 22:54:31,474.8
3,2026:01:13 22:54:31,70.5
1,2026:01:13 22:55:31,338.0
2,2026:01:13 22:55:31,349.2
3,2026:01:13 22:55:31,17.4
1,2026:01:13 22:56:31,294.7
2,2026:01:13 22:56:31,478.2
3,2026:01:13 22:56:31,161.1
1,2026:01:13 22:57:31,52.1
2,2026:01:13 22:57:31,447.5
3,2026:01:13 22:57:31,48.0
1,2026:01:13 22:58:31,102.3
2,2026:01:13 22:58:31,300.3
3,2026:01:13 22:58:31,255.3
1,2026:01:13 22:59:31,425.6
2,2026:01:13 22:59:31,283.7
3,2026:01:13 22:59:31,47.3
1,2026:01:13 23:00:31,269.9
2,2026:01:13 23:00:31,441.0
3,2026:01:13 23:00:31,173.4
1,2026:01:13 23:01:31,429.3
2,2026:01:13 23:01:31,261.7
3,2026:01:13 23:01:31,168.9
1,2026:01:13 23:02:31,43.7
2,2026:01:13 23:02:31,455.5
3,2026:01:13 23:02:31,371.7
1,2026:01:13 23:03:31,89.3
2,2026:01:13 23:03:31,422.5
3,2026:01:13 23:03:31,332.9
1,2026:01:13 23:04:31,129.9
2,2026:01:13 23:04:31,350.6
3,2026:01:13 23:04:31,19.6
1,2026:01:13 23:05:31,158.1
2,2026:01:13 23:05:31,267.7
3,2026:01:13 23:05:31,287.0
1,2026:01:13 23:06:31,169.9
2,2026:01:13 23:06:31,213.1
3,2026:01:13 23:06:31,147.4
1,2026:01:13 23:07:31,31.7
2,2026:01:13 23:07:31,41.5
3,2026:01:13 23:07:31,151.1
1,2026:01:13 23:08:31,153.6
2,2026:01:13 23:08:31,439.2
3,2026:01:13 23:08:31,257.1
1,2026:01:13 23:09:31,256.8
2,2026:01:13 23:09:31,174.3
3,2026:01:13 23:09:31,95.5
1,2026:01:13 23:10:31,7.8
2,2026:01:13 23:10:31,175.0
3,2026:01:13 23:10:31,17.6
1,2026:01:13 23:11:31,193.4
2,2026:01:13 23:11:31,325.1
3,2026:01:13 23:11:31,299.8
1,2026:01:13 23:12:31,363.0
2,2026:01:13 23:12:31,381.5
3,2026:01:13 23:12:31,125.6
1,2026:01:13 23:13:31,423.5
2,2026:01:13 23:13:31,174.8
3,2026:01:13 23:13:31,362.9
1,2026:01:13 23:14:31,141.3
2,2026:01:13 23:14:31,410.3
3,2026:01:13 23:14:31,24.8
1,2026:01:13 23:15:31,184.8
2,2026:01:13 23:15:31,37.3
3,2026:01:13 23:15:31,269.0
1,2026:01:13 23:16:31,27.8
2,2026:01:13 23:16:31,439.1
3,2026:01:13 23:16:31,80.1
1,2026:01:13 23:17:31,265.7
2,2026:01:13 23:17:31,499.1
3,2026:01:13 23:17:31,379.4
1,2026:01:13 23:18:31,335.5
2,2026:01:13 23:18:31,129.9
3,2026:01:13 23:18:31,375.5
1,2026:01:13 23:19:31,165.0
2,2026:01:13 23:19:31,492.8
3,2026:01:13 23:19:31,439.2
1,2026:01:13 23:20:31,9.3
2,2026:01:13 23:20:31,13.3
3,2026:01:13 23:20:31,446.6
1,2026:01:13 23:21:31,399.6
2,2026:01:13 23:21:31,207.9
3,2026:01:13 23:21:31,89.4
1,2026:01:13 23:22:31,123.7
2,2026:01:13 23:22:31,211.5
3,2026:01:13 23:22:31,404.6
1,2026:01:13 23:23:31,250.9
2,2026:01:13 23:23:31,134.4
3,2026:01:13 23:23:31,302.0
1,2026:01:13 23:24:31,279.8
2,2026:01:13 23:24:31,406.7
3,2026:01:13 23:24:31,405.4
1,2026:01:13 23:25:31,453.1
2,2026:01:13 23:25:31,57.7
3,2026:01:13 23:25:31,287.3
1,2026:01:13 23:26:31,203.0
2,2026:01:13 23:26:31,309.8
3,2026:01:13 23:26:31,171.6
1,2026:01:13 23:27:31,213.7
2,2026:01:13 23:27:31,418.3
3,2026:01:13 23:27:31,255.9
1,2026:01:13 23:28:31,426.7
2,2026:01:13 23:28:31,110.0
3,2026:01:13 23:28:31,372.8
1,2026:01:13 23:29:31,33.2
2,2026:01:13 23:29:31,235.8
3,2026:01:13 23:29:31,7.7
1,2026:01:13 23:30:31,227.9
2,2026:01:13 23:30:31,134.7
3,2026:01:13 23:30:31,441.1
1,2026:01:13 23:31:31,179.1
2,2026:01:13 23:31:31,142.5
3,2026:01:13 23:31:31,243.2
1,2026:01:13 23:32:31,423.1
2,2026:01:13 23:32:31,317.1
3,2026:01:13 23:32:31,440.2
1,2026:01:13 23:33:31,30.8
2,2026:01:13 23:33:31,490.3
3,2026:01:13 23:33:31,7.6
1,2026:01:13 23:34:31,421.2
2,2026:01:13 23:34:31,133.5
3,2026:01:13 23:34:31,102.0
1,2026:01:13 23:35:31,240.7
2,2026:01:13 23:35:31,27.7
3,2026:01:13 23:35:31,172.6
1,2026:01:13 23:36:31,75.0
2,2026:01:13 23:36:31,214.8
3,2026:01:13 23:36:31,272.4
1,2026:01:13 23:37:31,492.5
2,2026:01:13 23:37:31,43.2
3,2026:01:13 23:37:31,174.6
1,2026:01:13 23:38:31,34.9
2,2026:01:13 23:38:31,228.6
3,2026:01:13 23:38:31,338.1
1,2026:01:13 23:39:31,372.3
2,2026:01:13 23:39:31,26.2
3,2026:01:13 23:39:31,401.1
1,2026:01:13 23:40:31,272.8
2,2026:01:13 23:40:31,448.3
3,2026:01:13 23:40:31,169.6
1,2026:01:13 23:41:31,371.2
2,2026:01:13 23:41:31,258.6
3,2026:01:13 23:41:31,152.7
1,2026:01:13 23:42:31,288.2
2,2026:01:13 23:42:31,0.5
3,2026:01:13 23:42:31,268.8
1,2026:01:13 23:43:31,39.5
2,2026:01:13 23:43:31,327.4
3,2026:01:13 23:43:31,481.1
1,2026:01:13 23:44:31,55.5
2,2026:01:13 23:44:31,442.1
3,2026:01:13 23:44:31,157.4
1,2026:01:13 23:45:31,339.6
2,2026:01:13 23:45:31,249.3
3,2026:01:13 23:45:31,252.8
1,2026:01:13 23:46:31,56.2
2,2026:01:13 23:46:31,136.7
3,2026:01:13 23:46:31,477.6
1,2026:01:13 23:47:31,30.7
2,2026:01:13 23:47:31,98.6
3,2026:01:13 23:47:31,78.0
1,2026:01:13 23:48:31,179.3
2,2026:01:13 23:48:31,307.6
3,2026:01:13 23:48:31,238.7
1,2026:01:13 23:49:31,246.2
2,2026:01:13 23:49:31,142.1
3,2026:01:13 23:49:31,98.3
1,2026:01:13 23:50:31,372.5
2,2026:01:13 23:50:31,206.3
3,2026:01:13 23:50:31,441.0
1,2026:01:13 23:51:31,112.3
2,2026:01:13 23:51:31,483.5
3,2026:01:13 23:51:31,140.8
1,2026:01:13 23:52:31,474.5
2,2026:01:13 23:52:31,54.2
3,2026:01:13 23:52:31,119.8
1,2026:01:13 23:53:31,398.5
2,2026:01:13 23:53:31,436.3
3,2026:01:13 23:53:31,341.6
1,2026:01:13 23:54:31,403.9
2,2026:01:13 23:54:31,133.3
3,2026:01:13 23:54:31,89.8
1,2026:01:13 23:55:31,351.0
2,2026:01:13 23:55:31,218.0
3,2026:01:13 23:55:31,390.6
1,2026:01:13 23:56:31,352.9
2,2026:01:13 23:56:31,306.4
3,2026:01:13 23:56:31,50.9
1,2026:01:13 23:57:31,38.4
2,2026:01:13 23:57:31,497.4
3,2026:01:13 23:57:31,304.5
1,2026:01:13 23:58:31,131.1
2,2026:01:13 23:58:31,152.7
3,2026:01:13 23:58:31,309.5
1,2026:01:13 23:59:31,19.7
2,2026:01:13 23:59:31,127.2
3,2026:01:13 23:59:31,281.4
1,2026:01:14 00:00:31,185.9
2,2026:01:14 00:00:31,226.4
3,2026:01:14 00:00:31,31.6
1,2026:01:14 00:01:31,247.3
2,2026:01:14 00:01:31,441.1
3,2026:01:14 00:01:31,46.9
1,2026:01:14 00:02:31,347.2
2,2026:01:14 00:02:31,399.5
3,2026:01:14 00:02:31,40.1
1,2026:01:14 00:03:31,456.5
2,2026:01:14 00:03:31,354.1
3,2026:01:14 00:03:31,213.2
1,2026:01:14 00:04:31,139.9
2,2026:01:14 00:04:31,229.7
3,2026:01:14 00:04:31,23.1
1,2026:01:14 00:05:31,246.1
2,2026:01:14 00:05:31,137.0
3,2026:01:14 00:05:31,368.1
1,2026:01:14 00:06:31,351.9
2,2026:01:14 00:06:31,136.2
3,2026:01:14 00:06:31,406.4
1,2026:01:14 00:07:31,132.6
2,2026:01:14 00:07:31,83.7
3,2026:01:14 00:07:31,150.2
1,2026:01:14 00:08:31,197.7
2,2026:01:14 00:08:31,496.2
3,2026:01:14 00:08:31,246.6
1,2026:01:14 00:09:31,458.9
2,2026:01:14 00:09:31,302.7
3,2026:01:14 00:09:31,139.9
1,2026:01:14 00:10:31,86.9
2,2026:01:14 00:10:31,101.4
3,2026:01:14 00:10:31,40.8
1,2026:01:14 00:11:31,31.8
2,2026:01:14 00:11:31,104.5
3,2026:01:14 00:11:31,424.8
1,2026:01:14 00:12:31,389.9
2,2026:01:14 00:12:31,167.3
3,2026:01:14 00:12:31,3.8
1,2026:01:14 00:13:31,344.0
2,2026:01:14 00:13:31,130.4
3,2026:01:14 00:13:31,322.6
1,2026:01:14 00:14:31,27.9
2,2026:01:14 00:14:31,323.1
3,2026:01:14 00:14:31,286.8
1,2026:01:14 00:15:31,78.2
2,2026:01:14 00:15:31,50.8
3,2026:01:14 00:15:31,488.0
1,2026:01:14 00:16:31,126.1
2,2026:01:14 00:16:31,133.2
3,2026:01:14 00:16:31,181.5
1,2026:01:14 00:17:31,28.3
2,2026:01:14 00:17:31,96.3
3,2026:01:14 00:17:31,384.2
1,2026:01:14 00:18:31,15.6
2,2026:01:14 00:18:31,39.5
3,2026:01:14 00:18:31,196.0
1,2026:01:14 00:19:31,241.8
2,2026:01:14 00:19:31,195.6
3,2026:01:14 00:19:31,64.7
1,2026:01:14 00:20:31,327.5
2,2026:01:14 00:20:31,141.7
3,2026:01:14 00:20:31,239.5
1,2026:01:14 00:21:31,383.9
2,2026:01:14 00:21:31,385.9
3,2026:01:14 00:21:31,296.1
1,2026:01:14 00:22:31,235.0
2,2026:01:14 00:22:31,465.3
3,2026:01:14 00:22:31,97.0
1,2026:01:14 00:23:31,363.9
2,2026:01:14 00:23:31,155.1
3,2026:01:14 00:23:31,188.7
1,2026:01:14 00:24:31,305.6
2,2026:01:14 00:24:31,68.7
3,2026:01:14 00:24:31,328.4
1,2026:01:14 00:25:31,485.8
2,2026:01:14 00:25:31,423.4
3,2026:01:14 00:25:31,183.0
1,2026:01:14 00:26:31,87.6
2,2026:01:14 00:26:31,99.3
3,2026:01:14 00:26:31,263.5
1,2026:01:14 00:27:31,346.5
2,2026:01:14 00:27:31,202.7
3,2026:01:14 00:27:31,344.6
1,2026:01:14 00:28:31,408.9
2,2026:01:14 00:28:31,135.6
3,2026:01:14 00:28:31,442.4
1,2026:01:14 00:29:31,14.3
2,2026:01:14 00:29:31,441.1
3,2026:01:14 00:29:31,67.8
1,2026:01:14 00:30:31,102.1
2,2026:01:14 00:30:31,363.7
3,2026:01:14 00:30:31,138.6
1,2026:01:14 00:31:31,420.3
2,2026:01:14 00:31:31,441.6
3,2026:01:14 00:31:31,100.9
1,2026:01:14 00:32:31,231.7
2,2026:01:14 00:32:31,360.9
3,2026:01:14 00:32:31,271.2
1,2026:01:14 00:33:31,251.2
2,2026:01:14 00:33:31,64.9
3,2026:01:14 00:33:31,171.9
1,2026:01:14 00:34:31,14.5
2,2026:01:14 00:34:31,58.5
3,2026:01:14 00:34:31,403.2
1,2026:01:14 00:35:31,1.1
2,2026:01:14 00:35:31,93.1
3,2026:01:14 00:35:31,284.4
1,2026:01:14 00:36:31,342.6
2,2026:01:14 00:36:31,315.5
3,2026:01:14 00:36:31,23.1
1,2026:01:14 00:37:31,7.0
2,2026:01:14 00:37:31,33.0
3,2026:01:14 00:37:31,214.2
1,2026:01:14 00:38:31,62.1
2,2026:01:14 00:38:31,18.6
3,2026:01:14 00:38:31,139.5
1,2026:01:14 00:39:31,159.7
2,2026:01:14 00:39:31,418.6
3,2026:01:14 00:39:31,346.6
1,2026:01:14 00:40:31,436.2
2,2026:01:14 00:40:31,453.2
3,2026:01:14 00:40:31,240.5
1,2026:01:14 00:41:31,128.6
2,2026:01:14 00:41:31,13.3
3,2026:01:14 00:41:31,292.5
1,2026:01:14 00:42:31,338.8
2,2026:01:14 00:42:31,411.5
3,2026:01:14 00:42:31,366.0
1,2026:01:14 00:43:31,74.2
2,2026:01:14 00:43:31,434.7
3,2026:01:14 00:43:31,436.8
1,2026:01:14 00:44:31,488.7
2,2026:01:14 00:44:31,48.1
3,2026:01:14 00:44:31,84.5
1,2026:01:14 00:45:31,95.8
2,2026:01:14 00:45:31,368.9
3,2026:01:14 00:45:31,102.2
1,2026:01:14 00:46:31,256.5
2,2026:01:14 00:46:31,181.4
3,2026:01:14 00:46:31,29.9
1,2026:01:14 00:47:31,338.0
2,2026:01:14 00:47:31,259.1
3,2026:01:14 00:47:31,102.3
1,2026:01:14 00:48:31,357.2
2,2026:01:14 00:48:31,226.1
3,2026:01:14 00:48:31,2.7
1,2026:01:14 00:49:31,309.6
2,2026:01:14 00:49:31,106.4
3,2026:01:14 00:49:31,320.3
1,2026:01:14 00:50:31,64.2
2,2026:01:14 00:50:31,272.3
3,2026:01:14 00:50:31,15.8
1,2026:01:14 00:51:31,214.1
2,2026:01:14 00:51:31,258.8
3,2026:01:14 00:51:31,11.4
1,2026:01:14 00:52:31,422.2
2,2026:01:14 00:52:31,219.9
3,2026:01:14 00:52:31,35.3
1,2026:01:14 00:53:31,439.0
2,2026:01:14 00:53:31,408.2
3,2026:01:14 00:53:31,344.1
1,2026:01:14 00:54:31,267.0
2,2026:01:14 00:54:31,386.2
3,2026:01:14 00:54:31,310.1
1,2026:01:14 00:55:31,317.4
2,2026:01:14 00:55:31,49.1
3,2026:01:14 00:55:31,130.1
1,2026:01:14 00:56:31,202.6
2,2026:01:14 00:56:31,467.9
3,2026:01:14 00:56:31,180.2
1,2026:01:14 00:57:31,464.7
2,2026:01:14 00:57:31,387.0
3,2026:01:14 00:57:31,88.1
1,2026:01:14 00:58:31,155.5
2,2026:01:14 00:58:31,17.3
3,2026:01:14 00:58:31,328.8
1,2026:01:14 00:59:31,485.3
2,2026:01:14 00:59:31,471.8
3,2026:01:14 00:59:31,302.3
1,2026:01:14 01:00:31,320.8
2,2026:01:14 01:00:31,179.9
3,2026:01:14 01:00:31,288.0
1,2026:01:14 01:01:31,491.4
2,2026:01:14 01:01:31,122.2
3,2026:01:14 01:01:31,449.7
1,2026:01:14 01:02:31,455.3
2,2026:01:14 01:02:31,213.0
3,2026:01:14 01:02:31,198.0
1,2026:01:14 01:03:31,362.5
2,2026:01:14 01:03:31,477.3
3,2026:01:14 01:03:31,324.2
1,2026:01:14 01:04:31,362.3
2,2026:01:14 01:04:31,138.4
3,2026:01:14 01:04:31,13.9
1,2026:01:14 01:05:31,458.5
2,2026:01:14 01:05:31,333.0
3,2026:01:14 01:05:31,2.8
1,2026:01:14 01:06:31,434.6
2,2026:01:14 01:06:31,8.7
3,2026:01:14 01:06:31,181.9
1,2026:01:14 01:07:31,200.8
2,2026:01:14 01:07:31,322.6
3,2026:01:14 01:07:31,24.8
1,2026:01:14 01:08:31,285.0
2,2026:01:14 01:08:31,494.6
3,2026:01:14 01:08:31,137.8
1,2026:01:14 01:09:31,124.8
2,2026:01:14 01:09:31,479.1
3,2026:01:14 01:09:31,47.8
1,2026:01:14 01:10:31,459.8
2,2026:01:14 01:10:31,184.0
3,2026:01:14 01:10:31,486.7
1,2026:01:14 01:11:31,499.3
2,2026:01:14 01:11:31,403.5
3,2026:01:14 01:11:31,221.6
1,2026:01:14 01:12:31,198.6
2,2026:01:14 01:12:31,42.5
3,2026:01:14 01:12:31,448.6
1,2026:01:14 01:13:31,313.4
2,2026:01:14 01:13:31,196.8
3,2026:01:14 01:13:31,248.3
1,2026:01:14 01:14:31,292.9
2,2026:01:14 01:14:31,171.8
3,2026:01:14 01:14:31,233.0
1,2026:01:14 01:15:31,431.6
2,2026:01:14 01:15:31,294.4
3,2026:01:14 01:15:31,169.0
1,2026:01:14 01:16:31,384.6
2,2026:01:14 01:16:31,326.0
3,2026:01:14 01:16:31,2.8
1,2026:01:14 01:17:31,42.7
2,2026:01:14 01:17:31,469.3
3,2026:01:14 01:17:31,240.0
1,2026:01:14 01:18:31,292.5
2,2026:01:14 01:18:31,131.3
3,2026:01:14 01:18:31,287.9
1,2026:01:14 01:19:31,461.5
2,2026:01:14 01:19:31,366.9
3,2026:01:14 01:19:31,261.5
1,2026:01:14 01:20:31,116.8
2,2026:01:14 01:20:31,83.2
3,2026:01:14 01:20:31,161.0
1,2026:01:14 01:21:31,297.9
2,2026:01:14 01:21:31,447.4
3,2026:01:14 01:21:31,407.4
1,2026:01:14 01:22:31,66.8
2,2026:01:14 01:22:31,144.5
3,2026:01:14 01:22:31,296.3
1,2026:01:14 01:23:31,157.9
2,2026:01:14 01:23:31,60.9
3,2026:01:14 01:23:31,494.9
1,2026:01:14 01:24:31,244.0
2,2026:01:14 01:24:31,103.7
3,2026:01:14 01:24:31,398.9
1,2026:01:14 01:25:31,273.8
2,2026:01:14 01:25:31,356.3
3,2026:01:14 01:25:31,258.2
1,2026:01:14 01:26:31,47.8
2,2026:01:14 01:26:31,135.2
3,2026:01:14 01:26:31,154.5
1,2026:01:14 01:27:31,376.7
2,2026:01:14 01:27:31,473.5
3,2026:01:14 01:27:31,7.4
1,2026:01:14 01:28:31,4.6
2,2026:01:14 01:28:31,477.5
3,2026:01:14 01:28:31,72.2
1,2026:01:14 01:29:31,379.3
2,2026:01:14 01:29:31,375.7
3,2026:01:14 01:29:31,37.7
1,2026:01:14 01:30:31,15.6
2,2026:01:14 01:30:31,451.5
3,2026:01:14 01:30:31,381.9
1,2026:01:14 01:31:31,213.9
2,2026:01:14 01:31:31,366.8
3,2026:01:14 01:31:31,35.9
1,2026:01:14 01:32:31,346.0
2,2026:01:14 01:32:31,454.4
3,2026:01:14 01:32:31,169.2
1,2026:01:14 01:33:31,352.0
2,2026:01:14 01:33:31,297.6
3,2026:01:14 01:33:31,244.9
1,2026:01:14 01:34:31,211.5
2,2026:01:14 01:34:31,42.4
3,2026:01:14 01:34:31,251.1
1,2026:01:14 01:35:31,76.7
2,2026:01:14 01:35:31,224.1
3,2026:01:14 01:35:31,439.9
1,2026:01:14 01:36:31,399.4
2,2026:01:14 01:36:31,435.6
3,2026:01:14 01:36:31,194.1
1,2026:01:14 01:37:31,77.2
2,2026:01:14 01:37:31,132.4
3,2026:01:14 01:37:31,165.9
1,2026:01:14 01:38:31,409.2
2,2026:01:14 01:38:31,195.5
3,2026:01:14 01:38:31,112.9
1,2026:01:14 01:39:31,418.9
2,2026:01:14 01:39:31,294.7
3,2026:01:14 01:39:31,466.4
1,2026:01:14 01:40:31,51.7
2,2026:01:14 01:40:31,416.6
3,2026:01:14 01:40:31,491.9
1,2026:01:14 01:41:31,13.1
2,2026:01:14 01:41:31,192.0
3,2026:01:14 01:41:31,175.9
1,2026:01:14 01:42:31,18.6
2,2026:01:14 01:42:31,169.3
3,2026:01:14 01:42:31,411.3
1,2026:01:14 01:43:31,389.3
2,2026:01:14 01:43:31,113.7
3,2026:01:14 01:43:31,284.2
1,2026:01:14 01:44:31,362.5
2,2026:01:14 01:44:31,88.9
3,2026:01:14 01:44:31,469.9
1,2026:01:14 01:45:31,66.2
2,2026:01:14 01:45:31,205.8
3,2026:01:14 01:45:31,406.6
1,2026:01:14 01:46:31,432.5
2,2026:01:14 01:46:31,443.7
3,2026:01:14 01:46:31,360.7
1,2026:01:14 01:47:31,64.8
2,2026:01:14 01:47:31,419.6
3,2026:01:14 01:47:31,40.6
1,2026:01:14 01:48:31,170.2
2,2026:01:14 01:48:31,126.6
3,2026:01:14 01:48:31,53.9
1,2026:01:14 01:49:31,310.3
2,2026:01:14 01:49:31,342.7
3,2026:01:14 01:49:31,353.0
1,2026:01:14 01:50:31,189.4
2,2026:01:14 01:50:31,469.5
3,2026:01:14 01:50:31,404.6
1,2026:01:14 01:51:31,267.1
2,2026:01:14 01:51:31,215.7
3,2026:01:14 01:51:31,228.8
1,2026:01:14 01:52:31,349.6
2,2026:01:14 01:52:31,211.6
3,2026:01:14 01:52:31,208.5
1,2026:01:14 01:53:31,294.8
2,2026:01:14 01:53:31,172.2
3,2026:01:14 01:53:31,51.9
1,2026:01:14 01:54:31,38.7
2,2026:01:14 01:54:31,14.6
3,2026:01:14 01:54:31,35.9
1,2026:01:14 01:55:31,205.3
2,2026:01:14 01:55:31,2.7
3,2026:01:14 01:55:31,279.2
1,2026:01:14 01:56:31,181.9
2,2026:01:14 01:56:31,361.2
3,2026:01:14 01:56:31,476.8
1,2026:01:14 01:57:31,299.5
2,2026:01:14 01:57:31,293.1
3,2026:01:14 01:57:31,29.7
1,2026:01:14 01:58:31,168.5
2,2026:01:14 01:58:31,173.3
3,2026:01:14 01:58:31,89.5
1,2026:01:14 01:59:31,59.4
2,2026:01:14 01:59:31,217.1
3,2026:01:14 01:59:31,349.4
1,2026:01:14 02:00:31,127.8
2,2026:01:14 02:00:31,298.3
3,2026:01:14 02:00:31,413.2
1,2026:01:14 02:01:31,14.2
2,2026:01:14 02:01:31,46.4
3,2026:01:14 02:01:31,349.3
1,2026:01:14 02:02:31,395.9
2,2026:01:14 02:02:31,291.4
3,2026:01:14 02:02:31,434.6
1,2026:01:14 02:03:31,123.4
2,2026:01:14 02:03:31,71.7
3,2026:01:14 02:03:31,388.5
1,2026:01:14 02:04:31,243.0
2,2026:01:14 02:04:31,34.4
3,2026:01:14 02:04:31,94.8
1,2026:01:14 02:05:31,357.7
2,2026:01:14 02:05:31,86.5
3,2026:01:14 02:05:31,446.0
1,2026:01:14 02:06:31,180.1
2,2026:01:14 02:06:31,327.0
3,2026:01:14 02:06:31,499.3
1,2026:01:14 02:07:31,299.8
2,2026:01:14 02:07:31,268.4
3,2026:01:14 02:07:31,485.8
1,2026:01:14 02:08:31,303.8
2,2026:01:14 02:08:31,497.4
3,2026:01:14 02:08:31,427.8
1,2026:01:14 02:09:31,279.3
2,2026:01:14 02:09:31,404.7
3,2026:01:14 02:09:31,294.1
1,2026:01:14 02:10:31,167.0
2,2026:01:14 02:10:31,220.7
3,2026:01:14 02:10:31,179.3
1,2026:01:14 02:11:31,109.8
2,2026:01:14 02:11:31,219.6
3,2026:01:14 02:11:31,382.0
1,2026:01:14 02:12:31,282.0
2,2026:01:14 02:12:31,121.4
3,2026:01:14 02:12:31,253.4
1,2026:01:14 02:13:31,188.0
2,2026:01:14 02:13:31,358.3
3,2026:01:14 02:13:31,220.2
1,2026:01:14 02:14:31,224.2
2,2026:01:14 02:14:31,28.7
3,2026:01:14 02:14:31,261.3
1,2026:01:14 02:15:31,19.9
2,2026:01:14 02:15:31,497.8
3,2026:01:14 02:15:31,145.4
1,2026:01:14 02:16:31,498.3
2,2026:01:14 02:16:31,392.6
3,2026:01:14 02:16:31,192.6
1,2026:01:14 02:17:31,350.3
2,2026:01:14 02:17:31,170.8
3,2026:01:14 02:17:31,3.3
1,2026:01:14 02:18:31,60.7
2,2026:01:14 02:18:31,444.9
3,2026:01:14 02:18:31,107.8
1,2026:01:14 02:19:31,248.9
2,2026:01:14 02:19:31,335.2
3,2026:01:14 02:19:31,211.6
1,2026:01:14 02:20:31,99.9
2,2026:01:14 02:20:31,197.8
3,2026:01:14 02:20:31,460.2
1,2026:01:14 02:21:31,349.9
2,2026:01:14 02:21:31,370.0
3,2026:01:14 02:21:31,479.6
1,2026:01:14 02:22:31,236.0
2,2026:01:14 02:22:31,180.2
3,2026:01:14 02:22:31,55.3
1,2026:01:14 02:23:31,463.6
2,2026:01:14 02:23:31,467.2
3,2026:01:14 02:23:31,93.0
1,2026:01:14 02:24:31,362.9
2,2026:01:14 02:24:31,147.4
3,2026:01:14 02:24:31,155.5
1,2026:01:14 02:25:31,342.7
2,2026:01:14 02:25:31,57.6
3,2026:01:14 02:25:31,166.7
1,2026:01:14 02:26:31,368.6
2,2026:01:14 02:26:31,397.0
3,2026:01:14 02:26:31,149.0
1,2026:01:14 02:27:31,240.2
2,2026:01:14 02:27:31,381.0
3,2026:01:14 02:27:31,146.0
1,2026:01:14 02:28:31,402.1
2,2026:01:14 02:28:31,397.1
3,2026:01:14 02:28:31,288.9
1,2026:01:14 02:29:31,360.1
2,2026:01:14 02:29:31,474.9
3,2026:01:14 02:29:31,464.1
1,2026:01:14 02:30:31,455.5
2,2026:01:14 02:30:31,148.3
3,2026:01:14 02:30:31,298.3
1,2026:01:14 02:31:31,389.7
2,2026:01:14 02:31:31,388.8
3,2026:01:14 02:31:31,126.5
1,2026:01:14 02:32:31,20.0
2,2026:01:14 02:32:31,498.9
3,2026:01:14 02:32:31,293.4
1,2026:01:14 02:33:31,341.6
2,2026:01:14 02:33:31,333.5
3,2026:01:14 02:33:31,123.7
1,2026:01:14 02:34:31,5.3
2,2026:01:14 02:34:31,475.3
3,2026:01:14 02:34:31,245.4
1,2026:01:14 02:35:31,3.5
2,2026:01:14 02:35:31,175.3
3,2026:01:14 02:35:31,113.7
1,2026:01:14 02:36:31,378.1
2,2026:01:14 02:36:31,1.4
3,2026:01:14 02:36:31,170.4
1,2026:01:14 02:37:31,372.5
2,2026:01:14 02:37:31,408.0
3,2026:01:14 02:37:31,137.0
1,2026:01:14 02:38:31,459.7
2,2026:01:14 02:38:31,336.4
3,2026:01:14 02:38:31,91.5
1,2026:01:14 02:39:31,382.2
2,2026:01:14 02:39:31,177.2
3,2026:01:14 02:39:31,155.3
1,2026:01:14 02:40:31,5.8
2,2026:01:14 02:40:31,267.0
3,2026:01:14 02:40:31,173.5
1,2026:01:14 02:41:31,477.7
2,2026:01:14 02:41:31,369.3
3,2026:01:14 02:41:31,357.0
1,2026:01:14 02:42:31,33.6
2,2026:01:14 02:42:31,457.8
3,2026:01:14 02:42:31,110.8
1,2026:01:14 02:43:31,203.0
2,2026:01:14 02:43:31,43.2
3,2026:01:14 02:43:31,231.7
1,2026:01:14 02:44:31,446.3
2,2026:01:14 02:44:31,101.9
3,2026:01:14 02:44:31,71.1
1,2026:01:14 02:45:31,214.1
2,2026:01:14 02:45:31,357.0
3,2026:01:14 02:45:31,277.4
1,2026:01:14 02:46:31,20.5
2,2026:01:14 02:46:31,4.0
3,2026:01:14 02:46:31,162.3
1,2026:01:14 02:47:31,248.7
2,2026:01:14 02:47:31,101.6
3,2026:01:14 02:47:31,295.8
1,2026:01:14 02:48:31,315.6
2,2026:01:14 02:48:31,121.3
3,2026:01:14 02:48:31,293.5
1,2026:01:14 02:49:31,423.1
2,2026:01:14 02:49:31,330.2
3,2026:01:14 02:49:31,227.3
1,2026:01:14 02:50:31,184.7
2,2026:01:14 02:50:31,441.8
3,2026:01:14 02:50:31,302.2
1,2026:01:14 02:51:31,180.8
2,2026:01:14 02:51:31,77.9
3,2026:01:14 02:51:31,306.0
1,2026:01:14 02:52:31,375.5
2,2026:01:14 02:52:31,8.4
3,2026:01:14 02:52:31,210.6
1,2026:01:14 02:53:31,161.3
2,2026:01:14 02:53:31,401.6
3,2026:01:14 02:53:31,79.7
1,2026:01:14 02:54:31,10.0
2,2026:01:14 02:54:31,488.1
3,2026:01:14 02:54:31,246.4
1,2026:01:14 02:55:31,489.2
2,2026:01:14 02:55:31,433.2
3,2026:01:14 02:55:31,152.5
1,2026:01:14 02:56:31,156.7
2,2026:01:14 02:56:31,187.3
3,2026:01:14 02:56:31,78.0
1,2026:01:14 02:57:31,171.3
2,2026:01:14 02:57:31,318.7
3,2026:01:14 02:57:31,1.4
1,2026:01:14 02:58:31,95.8
2,2026:01:14 02:58:31,131.7
3,2026:01:14 02:58:31,349.9
1,2026:01:14 02:59:31,407.5
2,2026:01:14 02:59:31,397.5
3,2026:01:14 02:59:31,10.3
1,2026:01:14 03:00:31,179.1
2,2026:01:14 03:00:31,122.7
3,2026:01:14 03:00:31,59.3
1,2026:01:14 03:01:31,348.4
2,2026:01:14 03:01:31,404.0
3,2026:01:14 03:01:31,395.9
1,2026:01:14 03:02:31,24.1
2,2026:01:14 03:02:31,449.2
3,2026:01:14 03:02:31,72.0
1,2026:01:14 03:03:31,174.5
2,2026:01:14 03:03:31,247.7
3,2026:01:14 03:03:31,295.5
1,2026:01:14 03:04:31,206.1
2,2026:01:14 03:04:31,123.6
3,2026:01:14 03:04:31,422.6
1,2026:01:14 03:05:31,127.7
2,2026:01:14 03:05:31,225.8
3,2026:01:14 03:05:31,21.8
1,2026:01:14 03:06:31,319.0
2,2026:01:14 03:06:31,151.4
3,2026:01:14 03:06:31,435.1
1,2026:01:14 03:07:31,11.8
2,2026:01:14 03:07:31,332.1
3,2026:01:14 03:07:31,482.7
1,2026:01:14 03:08:31,449.1
2,2026:01:14 03:08:31,50.7
3,2026:01:14 03:08:31,98.5
1,2026:01:14 03:09:31,86.0
2,2026:01:14 03:09:31,490.3
3,2026:01:14 03:09:31,377.2
1,2026:01:14 03:10:31,107.0
2,2026:01:14 03:10:31,27.4
3,2026:01:14 03:10:31,338.0
1,2026:01:14 03:11:31,180.6
2,2026:01:14 03:11:31,284.3
3,2026:01:14 03:11:31,467.8
1,2026:01:14 03:12:31,352.0
2,2026:01:14 03:12:31,278.7
3,2026:01:14 03:12:31,401.5
1,2026:01:14 03:13:31,272.2
2,2026:01:14 03:13:31,353.3
3,2026:01:14 03:13:31,330.4
1,2026:01:14 03:14:31,485.1
2,2026:01:14 03:14:31,213.2
3,2026:01:14 03:14:31,499.4
1,2026:01:14 03:15:31,496.2
2,2026:01:14 03:15:31,53.2
3,2026:01:14 03:15:31,269.7
1,2026:01:14 03:16:31,123.0
2,2026:01:14 03:16:31,187.6
3,2026:01:14 03:16:31,190.7
1,2026:01:14 03:17:31,35.6
2,2026:01:14 03:17:31,483.4
3,2026:01:14 03:17:31,312.4
1,2026:01:14 03:18:31,417.1
2,2026:01:14 03:18:31,354.3
3,2026:01:14 03:18:31,294.2
1,2026:01:14 03:19:31,109.4
2,2026:01:14 03:19:31,121.0
3,2026:01:14 03:19:31,51.2
1,2026:01:14 03:20:31,47.1
2,2026:01:14 03:20:31,88.1
3,2026:01:14 03:20:31,184.4
1,2026:01:14 03:21:31,6.4
2,2026:01:14 03:21:31,253.6
3,2026:01:14 03:21:31,157.7
1,2026:01:14 03:22:31,131.7
2,2026:01:14 03:22:31,80.1
3,2026:01:14 03:22:31,241.4
1,2026:01:14 03:23:31,309.2
2,2026:01:14 03:23:31,366.2
3,2026:01:14 03:23:31,242.2
1,2026:01:14 03:24:31,413.6
2,2026:01:14 03:24:31,149.8
3,2026:01:14 03:24:31,497.8
1,2026:01:14 03:25:31,123.9
2,2026:01:14 03:25:31,427.1
3,2026:01:14 03:25:31,258.2
1,2026:01:14 03:26:31,100.8
2,2026:01:14 03:26:31,358.8
3,2026:01:14 03:26:31,38.7
1,2026:01:14 03:27:31,65.8
2,2026:01:14 03:27:31,353.1
3,2026:01:14 03:27:31,147.4
1,2026:01:14 03:28:31,477.4
2,2026:01:14 03:28:31,433.8
3,2026:01:14 03:28:31,340.9
1,2026:01:14 03:29:31,27.6
2,2026:01:14 03:29:31,394.9
3,2026:01:14 03:29:31,258.3
1,2026:01:14 03:30:31,356.1
2,2026:01:14 03:30:31,438.0
3,2026:01:14 03:30:31,438.7
1,2026:01:14 03:31:31,434.4
2,2026:01:14 03:31:31,42.5
3,2026:01:14 03:31:31,358.6
1,2026:01:14 03:32:31,64.8
2,2026:01:14 03:32:31,232.4
3,2026:01:14 03:32:31,331.9
1,2026:01:14 03:33:31,259.6
2,2026:01:14 03:33:31,498.7
3,2026:01:14 03:33:31,473.9
1,2026:01:14 03:34:31,1.4
2,2026:01:14 03:34:31,428.7
3,2026:01:14 03:34:31,33.2
1,2026:01:14 03:35:31,227.7
2,2026:01:14 03:35:31,426.7
3,2026:01:14 03:35:31,85.2
1,2026:01:14 03:36:31,126.9
2,2026:01:14 03:36:31,361.0
3,2026:01:14 03:36:31,192.0
1,2026:01:14 03:37:31,272.7
2,2026:01:14 03:37:31,96.9
3,2026:01:14 03:37:31,434.0
1,2026:01:14 03:38:31,16.0
2,2026:01:14 03:38:31,462.8
3,2026:01:14 03:38:31,147.7
1,2026:01:14 03:39:31,281.0
2,2026:01:14 03:39:31,485.2
3,2026:01:14 03:39:31,453.9
1,2026:01:14 03:40:31,154.2
2,2026:01:14 03:40:31,330.3
3,2026:01:14 03:40:31,62.2
1,2026:01:14 03:41:31,343.8
2,2026:01:14 03:41:31,361.2
3,2026:01:14 03:41:31,370.6
1,2026:01:14 03:42:31,414.1
2,2026:01:14 03:42:31,97.6
3,2026:01:14 03:42:31,327.0
1,2026:01:14 03:43:31,281.5
2,2026:01:14 03:43:31,404.0
3,2026:01:14 03:43:31,44.8
1,2026:01:14 03:44:31,158.2
2,2026:01:14 03:44:31,319.0
3,2026:01:14 03:44:31,263.8
1,2026:01:14 03:45:31,280.5
2,2026:01:14 03:45:31,15.0
3,2026:01:14 03:45:31,250.6
1,2026:01:14 03:46:31,370.9
2,2026:01:14 03:46:31,65.3
3,2026:01:14 03:46:31,129.9
1,2026:01:14 03:47:31,208.5
2,2026:01:14 03:47:31,219.4
3,2026:01:14 03:47:31,384.1
1,2026:01:14 03:48:31,114.4
2,2026:01:14 03:48:31,491.4
3,2026:01:14 03:48:31,231.3
1,2026:01:14 03:49:31,29.1
2,2026:01:14 03:49:31,2.2
3,2026:01:14 03:49:31,488.3
1,2026:01:14 03:50:31,382.0
2,2026:01:14 03:50:31,302.7
3,2026:01:14 03:50:31,221.9
1,2026:01:14 03:51:31,472.4
2,2026:01:14 03:51:31,179.3
3,2026:01:14 03:51:31,383.8
1,2026:01:14 03:52:31,341.7
2,2026:01:14 03:52:31,80.7
3,2026:01:14 03:52:31,12.7
1,2026:01:14 03:53:31,285.7
2,2026:01:14 03:53:31,64.9
3,2026:01:14 03:53:31,326.6
1,2026:01:14 03:54:31,379.4
2,2026:01:14 03:54:31,107.6
3,2026:01:14 03:54:31,308.7
1,2026:01:14 03:55:31,397.4
2,2026:01:14 03:55:31,260.8
3,2026:01:14 03:55:31,72.2
1,2026:01:14 03:56:31,301.6
2,2026:01:14 03:56:31,380.1
3,2026:01:14 03:56:31,165.0
1,2026:01:14 03:57:31,272.7
2,2026:01:14 03:57:31,459.3
3,2026:01:14 03:57:31,95.1
1,2026:01:14 03:58:31,333.5
2,2026:01:14 03:58:31,498.7
3,2026:01:14 03:58:31,47.3
1,2026:01:14 03:59:31,28.4
2,2026:01:14 03:59:31,9.3
3,2026:01:14 03:59:31,303.9
1,2026:01:14 04:00:31,210.6
2,2026:01:14 04:00:31,80.5
3,2026:01:14 04:00:31,436.9
1,2026:01:14 04:01:31,399.7
2,2026:01:14 04:01:31,110.0
3,2026:01:14 04:01:31,307.1
1,2026:01:14 04:02:31,489.7
2,2026:01:14 04:02:31,83.7
3,2026:01:14 04:02:31,238.7
1,2026:01:14 04:03:31,85.6
2,2026:01:14 04:03:31,318.5
3,2026:01:14 04:03:31,141.3
1,2026:01:14 04:04:31,496.2
2,2026:01:14 04:04:31,257.3
3,2026:01:14 04:04:31,24.3
1,2026:01:14 04:05:31,244.9
2,2026:01:14 04:05:31,93.5
3,2026:01:14 04:05:31,322.0
1,2026:01:14 04:06:31,473.0
2,2026:01:14 04:06:31,180.4
3,2026:01:14 04:06:31,358.5
1,2026:01:14 04:07:31,199.5
2,2026:01:14 04:07:31,485.6
3,2026:01:14 04:07:31,380.5
1,2026:01:14 04:08:31,85.5
2,2026:01:14 04:08:31,491.2
3,2026:01:14 04:08:31,4.6
1,2026:01:14 04:09:31,470.9
2,2026:01:14 04:09:31,97.9
3,2026:01:14 04:09:31,87.4
1,2026:01:14 04:10:31,426.1
2,2026:01:14 04:10:31,262.3
3,2026:01:14 04:10:31,166.4
1,2026:01:14 04:11:31,258.4
2,2026:01:14 04:11:31,482.7
3,2026:01:14 04:11:31,226.5
1,2026:01:14 04:12:31,130.4
2,2026:01:14 04:12:31,324.9
3,2026:01:14 04:12:31,11.2
1,2026:01:14 04:13:31,40.3
2,2026:01:14 04:13:31,464.8
3,2026:01:14 04:13:31,465.9
1,2026:01:14 04:14:31,15.3
2,2026:01:14 04:14:31,208.6
3,2026:01:14 04:14:31,254.3
1,2026:01:14 04:15:31,438.4
2,2026:01:14 04:15:31,170.8
3,2026:01:14 04:15:31,110.3
1,2026:01:14 04:16:31,486.9
2,2026:01:14 04:16:31,265.4
3,2026:01:14 04:16:31,478.1
1,2026:01:14 04:17:31,84.3
2,2026:01:14 04:17:31,13.7
3,2026:01:14 04:17:31,159.8
1,2026:01:14 04:18:31,191.3
2,2026:01:14 04:18:31,302.1
3,2026:01:14 04:18:31,87.0
1,2026:01:14 04:19:31,257.6
2,2026:01:14 04:19:31,76.9
3,2026:01:14 04:19:31,34.2
1,2026:01:14 04:20:31,384.7
2,2026:01:14 04:20:31,355.6
3,2026:01:14 04:20:31,462.5
1,2026:01:14 04:21:31,66.8
2,2026:01:14 04:21:31,148.0
3,2026:01:14 04:21:31,113.2
1,2026:01:14 04:22:31,395.3
2,2026:01:14 04:22:31,36.6
3,2026:01:14 04:22:31,234.3
1,2026:01:14 04:23:31,268.0
2,2026:01:14 04:23:31,219.6
3,2026:01:14 04:23:31,260.7
1,2026:01:14 04:24:31,264.2
2,2026:01:14 04:24:31,255.4
3,2026:01:14 04:24:31,437.6
1,2026:01:14 04:25:31,410.5
2,2026:01:14 04:25:31,219.4
3,2026:01:14 04:25:31,102.7
1,2026:01:14 04:26:31,55.7
2,2026:01:14 04:26:31,374.9
3,2026:01:14 04:26:31,240.9
1,2026:01:14 04:27:31,407.0
2,2026:01:14 04:27:31,57.7
3,2026:01:14 04:27:31,365.6
1,2026:01:14 04:28:31,341.7
2,2026:01:14 04:28:31,187.6
3,2026:01:14 04:28:31,152.3
1,2026:01:14 04:29:31,191.9
2,2026:01:14 04:29:31,373.3
3,2026:01:14 04:29:31,484.7
1,2026:01:14 04:30:31,44.6
2,2026:01:14 04:30:31,24.6
3,2026:01:14 04:30:31,495.6
1,2026:01:14 04:31:31,165.1
2,2026:01:14 04:31:31,441.7
3,2026:01:14 04:31:31,120.5
1,2026:01:14 04:32:31,211.4
2,2026:01:14 04:32:31,465.7
3,2026:01:14 04:32:31,31.7
1,2026:01:14 04:33:31,462.9
2,2026:01:14 04:33:31,65.7
3,2026:01:14 04:33:31,416.6
1,2026:01:14 04:34:31,156.6
2,2026:01:14 04:34:31,493.0
3,2026:01:14 04:34:31,212.1
1,2026:01:14 04:35:31,377.9
2,2026:01:14 04:35:31,239.7
3,2026:01:14 04:35:31,219.3
1,2026:01:14 04:36:31,410.7
2,2026:01:14 04:36:31,458.3
3,2026:01:14 04:36:31,258.1
1,2026:01:14 04:37:31,227.5
2,2026:01:14 04:37:31,269.2
3,2026:01:14 04:37:31,485.8
1,2026:01:14 04:38:31,313.3
2,2026:01:14 04:38:31,485.0
3,2026:01:14 04:38:31,56.0
1,2026:01:14 04:39:31,300.3
2,2026:01:14 04:39:31,304.6
3,2026:01:14 04:39:31,114.8
1,2026:01:14 04:40:31,185.3
2,2026:01:14 04:40:31,322.9
3,2026:01:14 04:40:31,52.6
1,2026:01:14 04:41:31,380.6
2,2026:01:14 04:41:31,211.4
3,2026:01:14 04:41:31,492.5
1,2026:01:14 04:42:31,198.8
2,2026:01:14 04:42:31,121.1
3,2026:01:14 04:42:31,20.7
1,2026:01:14 04:43:31,419.9
2,2026:01:14 04:43:31,14.9
3,2026:01:14 04:43:31,17.3
1,2026:01:14 04:44:31,238.2
2,2026:01:14 04:44:31,79.3
3,2026:01:14 04:44:31,98.9
1,2026:01:14 04:45:31,225.9
2,2026:01:14 04:45:31,437.9
3,2026:01:14 04:45:31,210.4
1,2026:01:14 04:46:31,3.4
2,2026:01:14 04:46:31,39.6
3,2026:01:14 04:46:31,316.9
1,2026:01:14 04:47:31,304.2
2,2026:01:14 04:47:31,92.6
3,2026:01:14 04:47:31,490.6
1,2026:01:14 04:48:31,209.3
2,2026:01:14 04:48:31,247.6
3,2026:01:14 04:48:31,273.9
1,2026:01:14 04:49:31,452.2
2,2026:01:14 04:49:31,170.2
3,2026:01:14 04:49:31,214.1
1,2026:01:14 04:50:31,42.8
2,2026:01:14 04:50:31,206.8
3,2026:01:14 04:50:31,41.3
1,2026:01:14 04:51:31,429.0
2,2026:01:14 04:51:31,342.5
3,2026:01:14 04:51:31,366.2
1,2026:01:14 04:52:31,452.1
2,2026:01:14 04:52:31,289.9
3,2026:01:14 04:52:31,250.7
1,2026:01:14 04:53:31,123.0
2,2026:01:14 04:53:31,294.2
3,2026:01:14 04:53:31,416.6
1,2026:01:14 04:54:31,2.5
2,2026:01:14 04:54:31,260.7
3,2026:01:14 04:54:31,281.5
1,2026:01:14 04:55:31,156.3
2,2026:01:14 04:55:31,112.3
3,2026:01:14 04:55:31,135.5
1,2026:01:14 04:56:31,125.8
2,2026:01:14 04:56:31,466.4
3,2026:01:14 04:56:31,183.7
1,2026:01:14 04:57:31,271.4
2,2026:01:14 04:57:31,173.2
3,2026:01:14 04:57:31,138.1
1,2026:01:14 04:58:31,385.4
2,2026:01:14 04:58:31,57.8
3,2026:01:14 04:58:31,360.4
1,2026:01:14 04:59:31,497.9
2,2026:01:14 04:59:31,288.1
3,2026:01:14 04:59:31,432.8
1,2026:01:14 05:00:31,6.8
2,2026:01:14 05:00:31,343.2
3,2026:01:14 05:00:31,273.1
1,2026:01:14 05:01:31,291.0
2,2026:01:14 05:01:31,290.9
3,2026:01:14 05:01:31,73.4
1,2026:01:14 05:02:31,83.1
2,2026:01:14 05:02:31,124.5
3,2026:01:14 05:02:31,161.0
1,2026:01:14 05:03:31,100.6
2,2026:01:14 05:03:31,456.7
3,2026:01:14 05:03:31,28.5
1,2026:01:14 05:04:31,304.8
2,2026:01:14 05:04:31,403.0
3,2026:01:14 05:04:31,141.9
1,2026:01:14 05:05:31,133.1
2,2026:01:14 05:05:31,194.8
3,2026:01:14 05:05:31,245.9
1,2026:01:14 05:06:31,167.0
2,2026:01:14 05:06:31,415.3
3,2026:01:14 05:06:31,67.7
1,2026:01:14 05:07:31,142.7
2,2026:01:14 05:07:31,332.7
3,2026:01:14 05:07:31,24.4
1,2026:01:14 05:08:31,77.2
2,2026:01:14 05:08:31,156.1
3,2026:01:14 05:08:31,198.2
1,2026:01:14 05:09:31,9.8
2,2026:01:14 05:09:31,245.8
3,2026:01:14 05:09:31,102.2
1,2026:01:14 05:10:31,185.6
2,2026:01:14 05:10:31,141.1
3,2026:01:14 05:10:31,464.9
1,2026:01:14 05:11:31,193.4
2,2026:01:14 05:11:31,190.9
3,2026:01:14 05:11:31,377.9
1,2026:01:14 05:12:31,168.5
2,2026:01:14 05:12:31,479.4
3,2026:01:14 05:12:31,39.9
1,2026:01:14 05:13:31,401.2
2,2026:01:14 05:13:31,197.2
3,2026:01:14 05:13:31,166.0
1,2026:01:14 05:14:31,134.2
2,2026:01:14 05:14:31,96.8
3,2026:01:14 05:14:31,156.3
1,2026:01:14 05:15:31,332.8
2,2026:01:14 05:15:31,284.2
3,2026:01:14 05:15:31,453.5
1,2026:01:14 05:16:31,169.9
2,2026:01:14 05:16:31,91.2
3,2026:01:14 05:16:31,129.6
1,2026:01:14 05:17:31,223.0
2,2026:01:14 05:17:31,333.3
3,2026:01:14 05:17:31,19.2
1,2026:01:14 05:18:31,206.4
2,2026:01:14 05:18:31,180.2
3,2026:01:14 05:18:31,373.0
1,2026:01:14 05:19:31,145.2
2,2026:01:14 05:19:31,381.4
3,2026:01:14 05:19:31,391.5
1,2026:01:14 05:20:31,50.2
2,2026:01:14 05:20:31,209.5
3,2026:01:14 05:20:31,62.4
1,2026:01:14 05:21:31,447.6
2,2026:01:14 05:21:31,306.1
3,2026:01:14 05:21:31,22.2
1,2026:01:14 05:22:31,449.6
2,2026:01:14 05:22:31,495.4
3,2026:01:14 05:22:31,132.6
1,2026:01:14 05:23:31,206.8
2,2026:01:14 05:23:31,352.3
3,2026:01:14 05:23:31,490.7
1,2026:01:14 05:24:31,112.7
2,2026:01:14 05:24:31,203.1
3,2026:01:14 05:24:31,389.6
1,2026:01:14 05:25:31,381.6
2,2026:01:14 05:25:31,60.9
3,2026:01:14 05:25:31,49.8
1,2026:01:14 05:26:31,430.9
2,2026:01:14 05:26:31,90.2
3,2026:01:14 05:26:31,91.8
1,2026:01:14 05:27:31,134.0
2,2026:01:14 05:27:31,47.9
3,2026:01:14 05:27:31,180.2
1,2026:01:14 05:28:31,376.9
2,2026:01:14 05:28:31,436.1
3,2026:01:14 05:28:31,157.6
1,2026:01:14 05:29:31,276.3
2,2026:01:14 05:29:31,320.5
3,2026:01:14 05:29:31,368.0
1,2026:01:14 05:30:31,20.6
2,2026:01:14 05:30:31,211.7
3,2026:01:14 05:30:31,459.2
1,2026:01:14 05:31:31,198.1
2,2026:01:14 05:31:31,272.1
3,2026:01:14 05:31:31,48.2
1,2026:01:14 05:32:31,484.8
2,2026:01:14 05:32:31,401.6
3,2026:01:14 05:32:31,268.5
1,2026:01:14 05:33:31,135.6
2,2026:01:14 05:33:31,26.3
3,2026:01:14 05:33:31,375.7
1,2026:01:14 05:34:31,309.7
2,2026:01:14 05:34:31,120.1
3,2026:01:14 05:34:31,152.4
1,2026:01:14 05:35:31,466.1
2,2026:01:14 05:35:31,64.7
3,2026:01:14 05:35:31,177.3
1,2026:01:14 05:36:31,231.4
2,2026:01:14 05:36:31,297.4
3,2026:01:14 05:36:31,403.7
1,2026:01:14 05:37:31,290.2
2,2026:01:14 05:37:31,261.2
3,2026:01:14 05:37:31,460.6
1,2026:01:14 05:38:31,481.9
2,2026:01:14 05:38:31,426.0
3,2026:01:14 05:38:31,153.7
1,2026:01:14 05:39:31,239.7
2,2026:01:14 05:39:31,135.9
3,2026:01:14 05:39:31,399.2
1,2026:01:14 05:40:31,149.3
2,2026:01:14 05:40:31,231.6
3,2026:01:14 05:40:31,213.3
1,2026:01:14 05:41:31,273.5
2,2026:01:14 05:41:31,489.6
3,2026:01:14 05:41:31,60.0
1,2026:01:14 05:42:31,211.5
2,2026:01:14 05:42:31,187.8
3,2026:01:14 05:42:31,201.9
1,2026:01:14 05:43:31,432.4
2,2026:01:14 05:43:31,48.3
3,2026:01:14 05:43:31,31.2
1,2026:01:14 05:44:31,247.2
2,2026:01:14 05:44:31,335.8
3,2026:01:14 05:44:31,129.0
1,2026:01:14 05:45:31,342.2
2,2026:01:14 05:45:31,476.9
3,2026:01:14 05:45:31,461.6
1,2026:01:14 05:46:31,236.1
2,2026:01:14 05:46:31,242.2
3,2026:01:14 05:46:31,488.5
1,2026:01:14 05:47:31,262.6
2,2026:01:14 05:47:31,228.2
3,2026:01:14 05:47:31,180.0
1,2026:01:14 05:48:31,225.4
2,2026:01:14 05:48:31,25.4
3,2026:01:14 05:48:31,3.8
1,2026:01:14 05:49:31,10.1
2,2026:01:14 05:49:31,226.9
3,2026:01:14 05:49:31,59.6
1,2026:01:14 05:50:31,18.0
2,2026:01:14 05:50:31,14.4
3,2026:01:14 05:50:31,5.0
1,2026:01:14 05:51:31,287.9
2,2026:01:14 05:51:31,346.0
3,2026:01:14 05:51:31,290.5
1,2026:01:14 05:52:31,43.1
2,2026:01:14 05:52:31,293.6
3,2026:01:14 05:52:31,150.9
1,2026:01:14 05:53:31,320.8
2,2026:01:14 05:53:31,74.1
3,2026:01:14 05:53:31,253.0
1,2026:01:14 05:54:31,309.2
2,2026:01:14 05:54:31,379.1
3,2026:01:14 05:54:31,247.4
1,2026:01:14 05:55:31,496.6
2,2026:01:14 05:55:31,70.2
3,2026:01:14 05:55:31,258.7
1,2026:01:14 05:56:31,270.5
2,2026:01:14 05:56:31,117.5
3,2026:01:14 05:56:31,46.4
1,2026:01:14 05:57:31,22.0
2,2026:01:14 05:57:31,207.3
3,2026:01:14 05:57:31,32.0
1,2026:01:14 05:58:31,473.2
2,2026:01:14 05:58:31,157.9
3,2026:01:14 05:58:31,224.3
1,2026:01:14 05:59:31,258.0
2,2026:01:14 05:59:31,197.4
3,2026:01:14 05:59:31,276.4
1,2026:01:14 06:00:31,214.2
2,2026:01:14 06:00:31,362.2
3,2026:01:14 06:00:31,54.4
1,2026:01:14 06:01:31,466.8
2,2026:01:14 06:01:31,279.7
3,2026:01:14 06:01:31,10.7
1,2026:01:14 06:02:31,486.8
2,2026:01:14 06:02:31,494.0
3,2026:01:14 06:02:31,22.0
1,2026:01:14 06:03:31,457.3
2,2026:01:14 06:03:31,64.8
3,2026:01:14 06:03:31,173.5
1,2026:01:14 06:04:31,187.9
2,2026:01:14 06:04:31,30.6
3,2026:01:14 06:04:31,199.0
1,2026:01:14 06:05:31,116.8
2,2026:01:14 06:05:31,310.0
3,2026:01:14 06:05:31,327.6
1,2026:01:14 06:06:31,97.2
2,2026:01:14 06:06:31,127.2
3,2026:01:14 06:06:31,79.3
1,2026:01:14 06:07:31,229.8
2,2026:01:14 06:07:31,96.2
3,2026:01:14 06:07:31,479.9
1,2026:01:14 06:08:31,148.1
2,2026:01:14 06:08:31,82.2
3,2026:01:14 06:08:31,188.2
1,2026:01:14 06:09:31,332.0
2,2026:01:14 06:09:31,360.3
3,2026:01:14 06:09:31,232.8
1,2026:01:14 06:10:31,382.1
2,2026:01:14 06:10:31,256.2
3,2026:01:14 06:10:31,64.3
1,2026:01:14 06:11:31,343.6
2,2026:01:14 06:11:31,145.9
3,2026:01:14 06:11:31,149.9
1,2026:01:14 06:12:31,4.6
2,2026:01:14 06:12:31,348.7
3,2026:01:14 06:12:31,269.1
1,2026:01:14 06:13:31,302.4
2,2026:01:14 06:13:31,160.0
3,2026:01:14 06:13:31,116.0
1,2026:01:14 06:14:31,24.4
2,2026:01:14 06:14:31,351.5
3,2026:01:14 06:14:31,268.8
1,2026:01:14 06:15:31,23.6
2,2026:01:14 06:15:31,485.0
3,2026:01:14 06:15:31,369.3
1,2026:01:14 06:16:31,49.4
2,2026:01:14 06:16:31,81.8
3,2026:01:14 06:16:31,47.8
1,2026:01:14 06:17:31,307.6
2,2026:01:14 06:17:31,473.1
3,2026:01:14 06:17:31,239.3
1,2026:01:14 06:18:31,275.1
2,2026:01:14 06:18:31,266.2
3,2026:01:14 06:18:31,294.6
1,2026:01:14 06:19:31,343.0
2,2026:01:14 06:19:31,243.0
3,2026:01:14 06:19:31,305.4
1,2026:01:14 06:20:31,35.8
2,2026:01:14 06:20:31,222.6
3,2026:01:14 06:20:31,219.3
1,2026:01:14 06:21:31,444.6
2,2026:01:14 06:21:31,280.5
3,2026:01:14 06:21:31,313.2
1,2026:01:14 06:22:31,290.1
2,2026:01:14 06:22:31,113.4
3,2026:01:14 06:22:31,457.1
1,2026:01:14 06:23:31,288.3
2,2026:01:14 06:23:31,115.3
3,2026:01:14 06:23:31,374.8
1,2026:01:14 06:24:31,21.8
2,2026:01:14 06:24:31,117.5
3,2026:01:14 06:24:31,474.5
1,2026:01:14 06:25:31,62.9
2,2026:01:14 06:25:31,12.0
3,2026:01:14 06:25:31,412.0
1,2026:01:14 06:26:31,116.0
2,2026:01:14 06:26:31,55.5
3,2026:01:14 06:26:31,411.3
1,2026:01:14 06:27:31,71.9
2,2026:01:14 06:27:31,79.4
3,2026:01:14 06:27:31,485.6
1,2026:01:14 06:28:31,383.8
2,2026:01:14 06:28:31,338.8
3,2026:01:14 06:28:31,484.9
1,2026:01:14 06:29:31,102.5
2,2026:01:14 06:29:31,15.8
3,2026:01:14 06:29:31,134.3
1,2026:01:14 06:30:31,380.6
2,2026:01:14 06:30:31,114.2
3,2026:01:14 06:30:31,15.7
1,2026:01:14 06:31:31,314.7
2,2026:01:14 06:31:31,498.7
3,2026:01:14 06:31:31,354.5
1,2026:01:14 06:32:31,473.9
2,2026:01:14 06:32:31,33.5
3,2026:01:14 06:32:31,358.2
1,2026:01:14 06:33:31,455.7
2,2026:01:14 06:33:31,54.2
3,2026:01:14 06:33:31,344.7
1,2026:01:14 06:34:31,129.6
2,2026:01:14 06:34:31,388.1
3,2026:01:14 06:34:31,3.4
1,2026:01:14 06:35:31,146.7
2,2026:01:14 06:35:31,233.4
3,2026:01:14 06:35:31,341.3
1,2026:01:14 06:36:31,359.1
2,2026:01:14 06:36:31,351.0
3,2026:01:14 06:36:31,329.6
1,2026:01:14 06:37:31,228.4
2,2026:01:14 06:37:31,342.0
3,2026:01:14 06:37:31,63.4
1,2026:01:14 06:38:31,330.5
2,2026:01:14 06:38:31,225.9
3,2026:01:14 06:38:31,489.9
1,2026:01:14 06:39:31,89.1
2,2026:01:14 06:39:31,85.5
3,2026:01:14 06:39:31,290.5
1,2026:01:14 06:40:31,234.8
2,2026:01:14 06:40:31,452.1
3,2026:01:14 06:40:31,325.1
1,2026:01:14 06:41:31,66.4
2,2026:01:14 06:41:31,364.7
3,2026:01:14 06:41:31,348.1
1,2026:01:14 06:42:31,129.0
2,2026:01:14 06:42:31,462.6
3,2026:01:14 06:42:31,310.1
1,2026:01:14 06:43:31,380.5
2,2026:01:14 06:43:31,425.3
3,2026:01:14 06:43:31,377.5
1,2026:01:14 06:44:31,459.0
2,2026:01:14 06:44:31,177.9
3,2026:01:14 06:44:31,481.4
1,2026:01:14 06:45:31,429.5
2,2026:01:14 06:45:31,55.2
3,2026:01:14 06:45:31,171.6
1,2026:01:14 06:46:31,323.7
2,2026:01:14 06:46:31,99.4
3,2026:01:14 06:46:31,391.0
1,2026:01:14 06:47:31,310.3
2,2026:01:14 06:47:31,375.4
3,2026:01:14 06:47:31,12.0
1,2026:01:14 06:48:31,449.5
2,2026:01:14 06:48:31,435.7
3,2026:01:14 06:48:31,482.7
1,2026:01:14 06:49:31,142.2
2,2026:01:14 06:49:31,162.5
3,2026:01:14 06:49:31,419.0
1,2026:01:14 06:50:31,2.4
2,2026:01:14 06:50:31,256.6
3,2026:01:14 06:50:31,429.3
